{"info":"Vokaturi","data":[0.5786302089691162,0.005780669394880533,0.02549530379474163,0.39004409313201907,0.00004972422539140098,0.7683364748954773,0.023882148787379266,0.14979399740695954,0.05262908712029457,0.005358273163437843,0.9863600134849548,1.2469420163085943e-8,0.013631725683808327,0.000007453473244822817,7.929712637633202e-7],"epoch":1556465982}