{"info":"LeftHand","data":[-0.0003299713134765625,0.0020751953125,0.03162384033203125,0.28955078125,-0.02890777587890625,-0.1619873046875,-0.10400581359863281,-0.1351318359375,0.1802387237548828,-0.10241889953613281,-0.21281051635742188,0.06543159484863281,0.09762382507324219,0.0068359375,0.10698890686035156,0.211669921875,-0.007862091064453125,-0.159423828125,0.0014972686767578126,-0.0294189453125],"epoch":1557250497}