{"info":"RightHand","data":[-0.0364990234375,-0.0186767578125,-0.0038661956787109377,-0.1555194854736328,0.2155780792236328,0.08078956604003906,-0.01760101318359375,-0.2845478057861328,0.03444099426269531,-0.02178955078125,-0.058349609375,-0.11552619934082031,0.13157272338867188,-0.0908203125,-0.12933349609375,0.12192153930664063,0.2823505401611328,0.1547374725341797,-0.07508277893066406,-0.020263671875,-0.03429412841796875,0.12054252624511719,0.2281494140625,-0.03890419006347656,0.03955078125,-0.089599609375,-0.009286880493164063,-0.1709270477294922,0.067626953125,-0.003040313720703125,-0.009796142578125,-0.1990966796875,0.21764373779296876,-0.010005950927734375,0.009521484375,-0.14394187927246095,0.003662109375,-0.1262226104736328,0.00868988037109375,0.32401466369628909,0.1623554229736328,-0.029321670532226564,-0.3062610626220703,-0.2104511260986328,-0.06520462036132813,0.08814811706542969,0.3363056182861328,-0.022611618041992189,-0.022165298461914064,-0.1187744140625,0.08085060119628906,-0.0091552734375,0.0386962890625,0.013200759887695313,0.03333282470703125,-0.1264667510986328,0.030452728271484376,-0.055065155029296878,0.010009765625,-0.039005279541015628,0.017238616943359376,0.0054931640625,0.00074005126953125,0.0168914794921875,-0.01025390625,0.010152816772460938,-0.00628662109375,0.0020751953125,0.00225067138671875,0.01340484619140625,0.011842727661132813,-0.0053806304931640629,0.11684989929199219,0.036376953125,-0.004974365234375],"epoch":1557415608}