{"info":"RightHand","data":[0.000492095947265625,0.01220703125,-0.2092609405517578,0.0885009765625,0.1798419952392578,-0.0792236328125,-0.036190032958984378,0.00830078125,-0.1818103790283203,-0.0281982421875,0.004215240478515625,0.0662841796875,0.1940135955810547,-0.1602802276611328,-0.023588180541992189,0.052978515625,0.08486175537109375,0.3038349151611328,0.11622428894042969,0.0029296875,-0.19644737243652345,-0.2440185546875,-0.21895599365234376,0.0845947265625,-0.05136680603027344,-0.0823974609375,0.06104469299316406,0.120849609375,0.24967193603515626,-0.1129150390625,0.1701946258544922,-0.023193359375,-0.251953125,0.096923828125,0.09449195861816406,-0.1021728515625,-0.13466644287109376,-0.07397651672363281,-0.04408073425292969,0.06506538391113281,0.07911872863769531,0.0345458984375,0.21657180786132813,-0.01806640625,-0.2764148712158203,0.1104736328125,-0.00617218017578125,0.056884765625,0.12830543518066407,-0.208251953125,-0.06829452514648438,0.1087646484375,-0.1560840606689453,-0.003662109375,0.1299591064453125,0.03173828125,0.2364635467529297,0.0517578125,-0.14725494384765626,-0.024658203125,-0.2576904296875,0.030517578125,0.2991981506347656,-0.088623046875,0.16802215576171876,0.0064697265625,-0.31761932373046877,0.0830078125,-0.0736846923828125,-0.032470703125,0.07473564147949219,0.0350341796875,0.33478546142578127,-0.1011962890625,-0.049434661865234378,-0.0533447265625,-0.4228382110595703,0.146240234375,0.08578109741210938,-0.1553955078125,0.26369667053222659,0.0396728515625,-0.1920185089111328,0.0272216796875,-0.027574539184570314,-0.0587158203125,-0.015237808227539063,0.310302734375,0.22417068481445313,0.0853271484375,-0.0136871337890625,-0.0987548828125,-0.06300544738769531,-0.0589599609375,-0.08198928833007813,-0.0782470703125,-0.04133415222167969,-0.0777587890625,0.1799488067626953,0.057861328125,-0.07108688354492188,-0.119873046875,-0.18470382690429688,-0.07153511047363281,0.00124359130859375,0.1628437042236328,0.039661407470703128,-0.119140625,-0.0785369873046875,0.1688232421875,0.0665435791015625,-0.2152118682861328,-0.11229324340820313,0.2391376495361328,0.11804389953613281,-0.159423828125,0.031099319458007814,0.2320556640625],"epoch":1557250236}