{"info":"Vokaturi","data":[6.488674841875764e-8,0.00019951321883127093,4.833549951399618e-7,0.9997999668121338,2.960341240077765e-16,0.004228482022881508,0.22043755650520326,0.005919728893786669,0.7691550850868225,0.00025912257842719555,0.004915232770144939,0.4250330924987793,0.004195331130176783,0.5658349990844727,0.000021354138880269602],"epoch":1556468006}