{"info":"Vokaturi","data":[0.41289544105529787,0.00887349247932434,0.43102067708969118,0.14721032977104188,6.109825534394986e-8,0.7208861708641052,0.10969334840774536,0.06716460734605789,0.053234294056892398,0.049021605402231219],"epoch":1556468646}