{"info":"Vokaturi","data":[-1.0,-1.0,-1.0,-1.0,-1.0,0.005302377510815859,1.0058277410962546e-7,0.9938210844993591,0.0008764263475313783,2.24832563048942e-14],"epoch":1557349937}