{"info":"Gazes","data":[0.0,62.0,0.0,0.0,50.0,0.0,0.0,72.54901885986328,0.0,0.0,68.0,0.0,0.0,0.0,0.0,0.0,6.0,0.0,0.0,35.185184478759769,0.0,0.0,0.0,0.0,0.0,0.0,46.0,0.0,28.0,32.0,0.0,6.0,18.0,0.0,14.814814567565918,0.0,0.0,0.0,0.0,0.0,3.9215686321258547,0.0,0.0,0.0,62.0,0.0,0.0,26.0,0.0,12.962963104248047,0.0,0.0,0.0,88.23529052734375,0.0,0.0,100.0,0.0,0.0,100.0,0.0,5.882352828979492,11.764705657958985,0.0,33.96226501464844,0.0,0.0,27.45098114013672,0.0,0.0,8.0,20.0,0.0,0.0,52.0,0.0,0.0,0.0,0.0,0.0,0.0,0.0,10.0,0.0,0.0,0.0,64.70587921142578,0.0,10.0,10.0,0.0,18.0,0.0,0.0,24.074073791503908,20.370370864868165,0.0,0.0,60.7843132019043,0.0,60.0,0.0,0.0,0.0,0.0,0.0,25.490196228027345,0.0,0.0,67.92453002929688,0.0,0.0,0.0,62.74509811401367,20.0,4.0,6.0,46.0,0.0,0.0,0.0,0.0,0.0,0.0,98.14814758300781,0.0,0.0,30.0,0.0,0.0,28.0,0.0,0.0,7.843137264251709,0.0,0.0,0.0,0.0,0.0,22.22222137451172,0.0,0.0,62.0,0.0,0.0,27.45098114013672,0.0,0.0,0.0,0.0,0.0,0.0,0.0,0.0,54.71697998046875,0.0,0.0,0.0,0.0,0.0,28.0,0.0,0.0,15.686274528503418,0.0,0.0,2.0,0.0,0.0,92.45282745361328,0.0,0.0,1.9607843160629273,0.0,0.0,68.0,0.0],"epoch":1557250236}