{"info":"RightHand","data":[-0.1601123809814453,0.312255859375,0.09996795654296875,0.09221076965332031,-0.17724609375,-0.052032470703125,0.1256732940673828,-0.1405029296875,-0.051990509033203128,-0.1809234619140625,0.1629638671875,0.08503913879394531,0.030241012573242189,-0.152099609375,-0.06275749206542969,0.10101699829101563,0.005126953125,0.0708160400390625,-0.04796409606933594,0.0362548828125,-0.05141639709472656,-0.447296142578125,0.3482666015625,-0.025484085083007814,0.1638622283935547,-0.0394287109375,0.15234375,0.012701034545898438,-0.2557373046875,-0.12674522399902345,0.055362701416015628,-0.0445556640625,-0.015956878662109376,0.06533241271972656,0.06689453125,0.030536651611328126,0.15439796447753907,-0.107421875,0.1413726806640625,-0.1005859375,0.0299072265625,-0.051044464111328128,0.102081298828125,0.082763671875,0.03463935852050781,-0.07691192626953125,-0.079833984375,-0.108489990234375,-0.23945999145507813,0.0394287109375,0.0704345703125,0.19339561462402345,0.01318359375,0.011693954467773438,-0.12271308898925781,0.12939453125,0.2104167938232422,0.026449203491210939,-0.1729736328125,-0.15485000610351563,0.1562175750732422,-0.0123291015625,0.0360565185546875,-0.08112144470214844,0.1583251953125,0.04683876037597656,-0.13394737243652345,0.03466796875,0.07921028137207031,-0.029031753540039064,0.045166015625,-0.02507781982421875],"epoch":1557415974}