{"info":"LeftHand","data":[0.15212631225585938,-0.080810546875,-0.13235092163085938,0.05435943603515625,-0.0013427734375,-0.03436851501464844,-0.009458541870117188,0.0003662109375,0.00673675537109375,-0.013822555541992188,-0.0001220703125,0.00795745849609375,0.0003452301025390625,0.0001220703125,-0.0007419586181640625,0.0056476593017578129,-0.005615234375,-0.0033321380615234377,-0.004505157470703125,0.0009765625,0.000492095947265625,0.0004711151123046875,-0.0018310546875,-0.0006237030029296875,0.0017757415771484376,0.00146484375,-0.0020046234130859377,-0.021114349365234376,0.0093994140625,0.0135345458984375],"epoch":1559243639}