{"info":"Vokaturi","data":[0.9460535049438477,0.00006769500760128722,0.04993337020277977,0.0039406283758580688,0.000004814548447029665,0.8826870918273926,0.000001135471848101588,0.11710695922374726,0.00020387661061249673,9.274495482713974e-7,0.8160210251808167,0.000039046401070663705,0.1783585250377655,0.005581021774560213,4.037216854158032e-7],"epoch":1556565661}