{"info":"Vokaturi","data":[0.8768108487129211,5.522369406207872e-7,0.1231672391295433,0.000021053645468782634,2.807148860028974e-7,0.4016602635383606,0.08564984798431397,0.43430066108703616,0.0783744752407074,0.000014753128198208287,0.9340368509292603,0.0016756304539740086,0.06367545574903488,0.0003226290864404291,0.00028940802440047264],"epoch":1556565855}