{"info":"Vokaturi","data":[0.3140549063682556,0.393014132976532,0.02698145993053913,0.20594927668571473,0.0600002184510231,0.00008060616528382525,0.02356409654021263,0.00005439762389869429,0.9763008952140808,2.8355697789805846e-9],"epoch":1556565826}