{"info":"LeftHand","data":[-0.021450042724609376,0.037109375,0.06275558471679688,0.1568737030029297,-0.1983642578125,0.08574104309082031,-0.17898941040039063,-0.1256103515625,-0.12114715576171875,-0.11116790771484375,0.0679931640625,-0.05832099914550781,-0.06572532653808594,-0.057861328125,0.012216567993164063,0.3344917297363281,0.2418212890625,0.17090225219726563,-0.2537670135498047,-0.186767578125,-0.04835319519042969,0.1246185302734375,0.1180419921875,-0.08969497680664063,-0.38583946228027346,0.18408203125,0.21178245544433595,0.26492881774902346,-0.2750244140625,-0.059299468994140628,0.02813720703125,0.032958984375,-0.18616104125976563,-0.047718048095703128,0.0333251953125,0.036014556884765628,0.04161643981933594,-0.11865234375,0.17395401000976563,-0.09823989868164063,0.070556640625,-0.0064144134521484379,0.1303844451904297,0.0106201171875,-0.027576446533203126,-0.04839134216308594,0.0130615234375,-0.031742095947265628,0.025455474853515626,0.0546875,-0.019884109497070314,-0.20992088317871095,-0.1202392578125,-0.0437164306640625,0.33753395080566409,0.2489013671875,0.2273578643798828,-0.26212310791015627,-0.3074951171875,-0.15509414672851563,0.2013530731201172,0.16064453125,-0.06631660461425781,-0.10170555114746094,0.0589599609375,0.2761402130126953,0.016981124877929689,0.0538330078125,-0.004138946533203125,0.08538246154785156,0.096435546875,-0.069183349609375],"epoch":1557415974}