{"info":"RightHand","data":[29.557933807373048,13.120999336242676,0.14212608337402345,-1.2209386825561524,0.0,0.0,0.0,0.0,0.0,0.0,0.0,0.0,0.0,0.0,0.0,0.0,0.0,0.0,0.0,0.0,0.0,0.0,0.0,0.0,0.0,0.0,0.0,0.0,0.0,0.0],"epoch":1556130972}