{"info":"RightHand","data":[29.545589447021486,13.020999908447266,-0.18088531494140626,-0.7646379470825195,0.0018329620361328126,-0.001708984375,-0.025167465209960939,-0.0040283203125,0.012537002563476563,0.013427734375,-0.001071929931640625,0.0015869140625,0.0065670013427734379,0.0008544921875,0.011676788330078125,-0.0128173828125,0.000759124755859375,0.0064697265625,-0.0030536651611328127,0.0028076171875],"epoch":1554654317}