{"info":"RightHand","data":[-0.0007801055908203125,0.0006103515625,-0.12299346923828125,0.3289794921875,0.1562328338623047,-0.1612548828125,-0.08028984069824219,-0.148193359375,0.2701454162597656,-0.11584663391113281,-0.23305130004882813,0.3143329620361328,0.11847686767578125,-0.2216796875,-0.03960990905761719,0.165283203125,0.03928947448730469,-0.147705078125,0.03939056396484375,-0.010498046875],"epoch":1557250497}