{"info":"Vokaturi","data":[-1.0,-1.0,-1.0,-1.0,-1.0,0.8108326196670532,0.06892472505569458,0.08961215615272522,0.026698924601078035,0.003931562416255474,0.868330717086792,0.0000030889800655131696,0.13122931122779847,0.0004150783352088183,0.000021798861780553125],"epoch":1556466102}