{"info":"Gazes","data":[0.0,26.41509437561035,0.0,0.0,7.843137264251709,41.17647171020508,0.0,0.0,0.0,0.0,44.0,0.0,0.0,50.98039245605469,0.0,0.0,0.0,75.47169494628906,0.0,12.0,30.0,0.0,0.0,0.0,0.0,0.0,0.0,6.0,0.0,0.0,0.0,9.433961868286133,0.0,0.0,21.568628311157228,17.647058486938478,0.0,76.0,0.0,0.0,40.0,0.0,0.0,100.0,0.0,0.0,37.03703689575195,0.0,0.0,0.0,0.0,0.0,0.0,0.0,0.0,37.25490188598633,0.0,0.0,15.686274528503418,0.0,0.0,1.923076868057251,7.692307472229004,0.0,68.62744903564453,0.0,0.0,64.0,0.0,0.0,100.0,0.0],"epoch":1557415974}