{"info":"LeftHand","data":[29.857816696166993,13.120999336242676,-0.15775680541992188,-1.2209386825561524,0.0,0.0,0.0,0.0,0.0,0.0,0.0,0.0,0.0,0.0,0.0,0.0,0.0,0.0,0.0,0.0,0.0,0.0,0.0,0.0,0.0,0.0,0.0,0.0,0.0,0.0],"epoch":1556130972}