{"info":"Vokaturi","data":[0.04223036393523216,0.0011167606571689249,0.00546196149662137,0.9511908888816834,5.5508254243052948e-11,0.47428932785987856,0.000016607800716883503,0.351528137922287,0.17416593432426454,5.91359183843565e-10,0.16143040359020234,0.00001576175054651685,0.30573570728302,0.5328181385993958,9.400433556572274e-12],"epoch":1556468398}