{"info":"Vokaturi","data":[0.9031538367271423,6.564177534862381e-10,0.09680881351232529,0.000013640483302879147,0.0000237183558056131,0.9755435585975647,4.809713044506836e-11,0.024442745372653009,0.000010163434126297943,0.0000035078426208201565,0.893376886844635,0.0000049389723244530618,0.10389082133769989,0.002390077104791999,0.00033729124697856605,0.8381780982017517,0.0009555488941259682,0.05632161349058151,0.10350232571363449,0.0010423979256302119,0.8797279000282288,0.000006909800504217856,0.11400563269853592,0.005126251373440027,0.0011332856956869364,0.8395211696624756,1.587655447110592e-7,0.15959693491458894,0.0006244455580599606,0.0002573106612544507,0.0008207614300772548,0.00015163153875619173,0.9988051652908325,0.00006238735659280792,0.0001600671821506694,0.7610310316085815,0.0008900840766727924,0.03504063934087753,0.19999434053897859,0.003043900476768613,0.6522811651229858,0.00000647064234726713,0.21115803718566895,0.13649965822696687,0.0000546720766578801,0.0793236792087555,8.432719766915398e-8,0.9157558679580689,0.000003008296744155814,0.004917335696518421,0.06808187812566757,1.7742161162459525e-7,0.9317917227745056,0.00011846728011732921,0.000007748483767500147,0.3558308482170105,1.656677568462328e-7,0.6438362002372742,0.000014730702787346672,0.0003180743951816112],"epoch":1557418052}