{"info":"LeftHand","data":[-0.04138755798339844,0.017578125,-0.0302276611328125,-0.0073394775390625,-0.01318359375,-0.017992019653320314,-0.0078067779541015629,-0.0072021484375,-0.017122268676757814,0.018741607666015626,0.013671875,0.019504547119140626,0.000087738037109375,0.0311279296875,0.02503204345703125,-0.062244415283203128,0.22998046875,-0.020608901977539064,-0.03998374938964844,-0.0184326171875,0.01564788818359375,-0.1325664520263672,-0.09716796875,-0.06797981262207031,0.034515380859375,-0.1514892578125,0.055210113525390628,-0.030584335327148439,-0.052490234375,-0.045673370361328128,0.06249427795410156,-0.031129837036132814,0.016450881958007814,-0.018468856811523439,0.03674507141113281,-0.04479026794433594,-0.028743743896484376,0.045166015625,0.08139991760253906,0.11085128784179688,0.05517578125,0.09069061279296875,0.010946273803710938,-0.044677734375,-0.014715194702148438,0.0938568115234375,-0.05078125,0.03315925598144531,-0.04769706726074219,0.097900390625,-0.024435043334960939,-0.020803451538085939,-0.112060546875,0.01596832275390625,-0.05068016052246094,0.054443359375,-0.17492294311523438,0.03361320495605469,0.156005859375,0.16721725463867188,0.11535453796386719,-0.0888671875,0.05515098571777344,-0.03441047668457031,-0.0028076171875,0.0053558349609375,0.036708831787109378,-0.051513671875,0.0026397705078125,-0.039333343505859378,0.0233154296875,-0.06167030334472656,0.14630699157714845,-0.014892578125,0.0309600830078125],"epoch":1557417373}