{"info":"Gazes","data":[0.0,43.13725662231445,0.0,0.0,100.0,0.0,0.0,100.0,0.0,0.0,86.0,0.0,0.0,100.0,0.0,0.0,21.568628311157228,0.0,0.0,88.0,0.0,0.0,100.0,0.0,0.0,100.0,0.0,0.0,100.0,0.0],"epoch":1559243639}