{"info":"LeftHand","data":[-0.00627899169921875,0.0006103515625,-0.045719146728515628,0.035400390625,0.06931304931640625,-0.04345703125,0.13298606872558595,0.1815185546875,-0.7789497375488281,0.1849365234375,0.4210395812988281,-0.6378192901611328,0.20662879943847657,0.121826171875,-0.12089920043945313,0.048828125,0.167694091796875,0.3492450714111328,-0.049777984619140628,-0.2010498046875,-0.08757781982421875,-0.063720703125,-0.10930633544921875,0.068603515625,0.12270927429199219,0.000244140625,-0.015581130981445313,-0.01904296875,0.07220649719238281,0.0782470703125,0.07487297058105469,-0.0853271484375,-0.008029937744140625,0.126220703125,-0.002307891845703125,-0.1383056640625,-0.13477516174316407,-0.10852241516113281,-0.05423736572265625,0.11963081359863281,-0.04487419128417969,-0.0159912109375,0.23071670532226563,-0.0235595703125,-0.23971939086914063,0.085693359375,0.43900299072265627,0.10546875,-0.09759902954101563,-0.1412353515625,-0.05681800842285156,0.11962890625,-0.1742877960205078,0.02783203125,0.08666038513183594,-0.1478271484375,0.18784713745117188,0.0933837890625,-0.2950458526611328,-0.022216796875,-0.18143653869628907,-0.0771484375,0.2819690704345703,0.097412109375,0.1935901641845703,0.04248046875,-0.33771324157714846,-0.0850830078125,-0.09255027770996094,-0.0706787109375,0.16582107543945313,0.05419921875,0.1532917022705078,-0.0462646484375,0.037456512451171878,0.120361328125,-0.30419349670410159,-0.1407470703125,-0.050083160400390628,0.0225830078125,0.2545623779296875,0.059326171875,-0.03849601745605469,-0.1298847198486328,-0.07327461242675781,0.04138374328613281,-0.07491874694824219,0.2418212890625,0.19165420532226563,0.1722412109375,-0.000446319580078125,0.1534442901611328,-0.013036727905273438,-0.2080097198486328,-0.14852523803710938,0.1853046417236328,-0.08101654052734375,-0.4360370635986328,0.2391223907470703,-0.110595703125,-0.1784496307373047,0.00634765625,-0.08614921569824219,-0.06433296203613281,-0.07150077819824219,0.12304878234863281,0.028409957885742189,-0.072021484375,0.0190277099609375,0.05712890625,0.052135467529296878,-0.0517578125,-0.022863388061523439,0.196533203125,-0.008676528930664063,-0.13623046875,0.4541282653808594,0.2362060546875],"epoch":1557250236}