{"info":"Vokaturi","data":[-1.0,-1.0,-1.0,-1.0,-1.0,0.9210459589958191,0.0000011578329122130527,0.07839454710483551,0.00020715463324449956,0.00035120471147820354,0.960073709487915,2.5442759010729789e-8,0.0398881621658802,0.000019249453544034623,0.000018846865714294836,0.9612703323364258,3.501441137032657e-9,0.03871224448084831,0.000010458850738359615,0.000006985846994211897,0.9946723580360413,7.090875442372635e-7,0.005268682725727558,0.000033093303500209004,0.000025150800865958445,0.969734787940979,0.00014093991194386035,0.025185516104102136,0.0012211091816425324,0.003717662300914526,0.9905847311019898,0.0000015481938362427173,0.008947556838393212,0.00022438174346461892,0.00024177211162168533,0.9827775359153748,0.0000010695771379687358,0.01707572489976883,0.00006396781100193039,0.00008170263754436746,0.9889441132545471,0.0000015946588973747567,0.010608415119349957,0.00020617905829567462,0.00023967989545781165,0.09157072007656098,0.05813737213611603,0.5496546030044556,0.00035347105585969985,0.300283819437027,0.9987798929214478,5.802728852977168e-10,0.0012007243931293488,0.000008050675205595326,0.00001131739372794982,0.9515785574913025,2.1993806775810754e-10,0.04842124134302139,3.730388442590993e-8,1.449668616260169e-7],"epoch":1558037328}