{"info":"Vokaturi","data":[0.9677658677101135,0.0002789285790640861,0.016413316130638124,0.004391382448375225,0.011150483042001725,0.8969327807426453,0.0018171225674450398,0.04247849062085152,0.0018567637307569385,0.05691485479474068,0.7870702743530273,0.031225232407450677,0.007830441929399968,0.1633307933807373,0.010543283075094223,0.8882384896278381,0.012977629899978638,0.020402250811457635,0.06999365985393524,0.008387955836951733,0.9919148087501526,0.000005184871497476706,0.006429064553231001,0.0007094981265254319,0.0009414538508281112,0.9165815711021423,0.00009581822814652696,0.026340872049331666,0.05693788826465607,0.00004387442459119484,0.9358329176902771,0.0002557433908805251,0.004001754801720381,0.05905451998114586,0.0008550444035790861,0.9982947707176209,7.085099440473641e-8,0.0015170059632509947,0.00016125354159157723,0.00002689159373403527,0.9462732672691345,0.0008378549246117473,0.0071191610768437389,0.04488038271665573,0.00088932563085109,0.9892926216125488,0.000002503353925931151,0.006386360619217157,0.004294537007808685,0.00002395487535977736,0.9966182112693787,3.2657337101227315e-7,0.0029079727828502657,0.00037759204860776663,0.0000959265380515717],"epoch":1557420316}