{"info":"Vokaturi","data":[0.003798447549343109,0.001131103141233325,0.32494133710861208,0.670129120349884,3.540702670293272e-12,0.5431393384933472,0.000013814074918627739,0.09360788762569428,0.36323899030685427,1.1052907478159569e-9,0.41169869899749758,0.000018731663658400066,0.15862682461738587,0.4296557605266571,3.5011851751143299e-10],"epoch":1556468292}