{"info":"Vokaturi","data":[0.9769722819328308,8.693759667721679e-8,0.022912949323654176,0.000017773654690245166,0.00009689693979453295,0.9157414436340332,6.694712784138801e-9,0.0840158462524414,0.00023942402913235128,0.0000032600007671135247],"epoch":1557332727}