{"info":"Vokaturi","data":[4.031331286569184e-7,0.08633474260568619,0.0004700558492913842,0.9131942987442017,4.888203193331719e-7,0.29703107476234438,0.37943321466445925,0.04145999625325203,0.2379041314125061,0.044171568006277087,0.9795483946800232,0.0001148707524407655,0.011842706240713597,0.008466669358313084,0.000027383128326619044],"epoch":1556466067}