{"info":"Vokaturi","data":[0.16118523478507996,0.30818724632263186,0.008979212492704392,0.5145959854125977,0.00705230887979269,0.004684437531977892,0.3399949073791504,0.0030063032172620298,0.6515466570854187,0.0007676899549551308],"epoch":1556468494}