{"info":"LeftHand","data":[-0.05600166320800781,0.00634765625,-0.015653610229492189,0.05327415466308594,-0.0924072265625,-0.020784378051757814,-0.20679664611816407,0.2113056182861328,-0.08483505249023438,0.08677101135253906,-0.1534442901611328,0.09856796264648438,0.1887950897216797,0.1354999542236328,0.056884765625,-0.1766815185546875,-0.10864448547363281,0.009576797485351563,-0.12321281433105469,0.03650093078613281,-0.06982994079589844,0.11352920532226563,0.041015625,0.024793624877929689,0.22335433959960938,0.1146240234375,-0.017473220825195314,-0.2623634338378906,0.0460205078125,-0.02381134033203125,0.3136138916015625,-0.3696308135986328,0.0005207061767578125,-0.21146202087402345,0.2873554229736328,0.05853843688964844,-0.061634063720703128,-0.0479736328125,-0.03808784484863281,0.3021583557128906,-0.2241230010986328,-0.033596038818359378,-0.2792510986328125,0.2092304229736328,0.119171142578125,0.06779670715332031,-0.07190132141113281,-0.06478500366210938,0.10631752014160156,-0.16357421875,-0.0192108154296875,-0.15236854553222657,0.1735858917236328,0.009996414184570313,0.09724235534667969,0.1282958984375,0.001312255859375,-0.08624839782714844,-0.0379638671875,0.016330718994140626,0.014822006225585938,0.001220703125,-0.011526107788085938,0.01767730712890625,0.0081787109375,-0.00537872314453125,-0.0055980682373046879,-0.00830078125,0.0050411224365234379,0.015794754028320314,-0.001220703125,0.0015125274658203126,0.0928497314453125,-0.0732421875,0.018899917602539064],"epoch":1557415608}