{"info":"RightHand","data":[29.845552444458009,13.329999923706055,0.0,0.0,0.0,0.0,0.0,0.0,0.0,0.0,0.0,0.0,0.0,0.0,0.0,0.0,0.0,0.0,0.0,0.0],"epoch":1554547146}