{"info":"RightHand","data":[29.99575424194336,13.020999908447266,-0.18943214416503907,-0.8145647048950195,0.006252288818359375,0.1015625,0.15080833435058595,0.3907489776611328,-0.4614086151123047,-0.1999530792236328,-0.009889602661132813,-0.01513671875,0.3490924835205078,0.08972358703613281,0.012424468994140625,-0.04516792297363281,-0.1613922119140625,-0.0657958984375,-0.10751533508300781,-0.022705078125,0.05376625061035156,0.0059814453125,0.03368377685546875,-0.01025390625,0.030101776123046876,-0.0076904296875,-0.28136253356933596,0.018798828125,0.3117351531982422,0.0645751953125],"epoch":1554750163}