{"info":"Vokaturi","data":[0.10098057985305786,0.7683671116828919,0.02106051705777645,0.05903293192386627,0.05055886507034302,0.02824864536523819,0.9252784848213196,0.004575875122100115,0.025035856291651727,0.016861144453287126,0.017009498551487924,0.9028093218803406,0.005200827028602362,0.0718035101890564,0.003176836296916008],"epoch":1556565692}