{"info":"LeftHand","data":[29.765268325805665,13.020999908447266,0.20714569091796876,-0.5778703689575195,0.0,0.0,0.0,0.0,0.0,0.0,0.0,0.0,-0.04860877990722656,0.1893329620361328,0.15795135498046876,-0.11816596984863281,-0.07433319091796875,-0.0177001953125,-0.1068878173828125,-0.036865234375,0.04047966003417969,0.0074462890625,0.031585693359375,0.00634765625,0.03707313537597656,-0.0081787109375,-0.2831878662109375,0.0069580078125,0.1993732452392578,0.0274658203125],"epoch":1554750163}