{"info":"Vokaturi","data":[0.000010263959666190203,0.002821821952238679,0.000006662177838734351,0.9971612691879273,3.2217187251326609e-11,0.7407302856445313,0.000022868471205583774,0.2569420039653778,0.0023040969390422107,7.411140927615634e-7,0.1214575245976448,0.1294105350971222,0.1165962815284729,0.6324799656867981,0.00005569208224187605],"epoch":1556565791}