{"info":"Vokaturi","data":[0.15040968358516694,3.8924788725580586e-8,0.059317734092473987,0.0000011161572501805495,0.7902714610099793,0.5290685892105103,0.00026131796767003834,0.45971012115478518,0.010654213838279248,0.00030576559947803617,0.2902360260486603,3.172310938243106e-12,0.6765068769454956,7.471079310761297e-10,0.03325711190700531],"epoch":1557238432}