{"info":"LeftHand","data":[29.845552444458009,13.020999908447266,-0.49205780029296877,-0.7254533767700195,0.0,0.0,0.0,0.0,0.0,0.0,0.0,0.0,0.0,0.0,0.0,0.0,0.0,0.0,0.0,0.0],"epoch":1554654317} 