{"info":"Vokaturi","data":[0.7215479612350464,7.645364896724516e-11,0.27839964628219607,0.000052004008466610685,3.985263958838914e-7,0.9323188066482544,0.000021424466467578895,0.06320080906152725,0.002670557703822851,0.0017883742693811656,0.7066755890846252,0.0013835856225341559,0.18953043222427369,0.09831267595291138,0.004097702447324991,0.9813551902770996,0.000020518607925623655,0.014511190354824067,0.0029319245368242265,0.0011811546282842756,0.9558541774749756,0.0000019952451566496167,0.042126499116420749,0.0010179703822359443,0.0009993633721023799],"epoch":1557415974}