{"info":"Vokaturi","data":[0.9041553735733032,1.0313197407185726e-7,0.0956868901848793,0.00014452156028710306,0.000013123255484970286,0.846624493598938,0.002278474625200033,0.07792595028877258,0.06841996312141419,0.004751109983772039,0.9851395487785339,0.0000019277515548310477,0.014113552868366242,0.000447650469141081,0.00029730581445619464],"epoch":1557249488}