{"info":"Vokaturi","data":[-1.0,-1.0,-1.0,-1.0,-1.0,0.9915173053741455,5.9047970957237798e-9,0.008480384014546872,7.555699994554743e-7,0.0000015583527783746832],"epoch":1557349874}