{"info":"Vokaturi","data":[0.9997373819351196,1.4811435411488106e-10,0.00025030484539456666,0.000009401859642821364,0.000002885458115997608,0.9626415967941284,9.051036309326577e-11,0.037357382476329806,2.2773684804633377e-7,7.788158882249263e-7,0.0005793189629912376,6.053955215823761e-14,0.9991828203201294,7.465782853044445e-11,0.0002378773788223043,0.9753252267837524,9.96724303092833e-9,0.024088958278298379,0.000007748460120637901,0.0005780707579106092,-1.0,-1.0,-1.0,-1.0,-1.0],"epoch":1557415608}