{"info":"LeftHand","data":[0.009517669677734375,0.011474609375,-0.0014514923095703126,-0.0001220703125,0.0456695556640625,-0.001953125,-0.010450363159179688,0.001708984375,-0.03430938720703125,-0.0167236328125,0.021387100219726564,0.01123046875,0.008836746215820313,0.0018310546875,0.0050506591796875,-0.0023193359375,-0.04638671875,-0.01025390625,0.018163681030273439,0.001708984375,0.0016613006591796876,-0.0013427734375,-0.003383636474609375,-0.005126953125,-0.00205230712890625,-0.0062255859375,-0.000003814697265625,-0.0001220703125],"epoch":1557248649}
