{"info":"LeftHand","data":[0.006534576416015625,0.002197265625,0.040019989013671878,0.04004096984863281,0.12595367431640626,0.04345703125,-0.14127731323242188,0.3228759765625,-0.15460205078125,-0.3323974609375,0.18763160705566407,-0.025390625,0.022003173828125,0.0218505859375,-0.21752357482910157,-0.0042724609375,0.1529998779296875,0.1558837890625,0.0057506561279296879,0.0238037109375,-0.04113578796386719,-0.1458740234375,0.03132820129394531,0.001220703125,0.047847747802734378,0.0086669921875,-0.24267578125,0.0030517578125,0.178863525390625,0.080078125],"epoch":1557249488}