{"info":"LeftHand","data":[-0.0001201629638671875,-0.0001220703125,-0.00431060791015625,0.0025634765625,0.0045757293701171879,-0.00146484375,-0.002849578857421875,-0.002197265625,0.12756919860839845,-0.0328369140625,-0.08826828002929688,-0.0194091796875,0.022737503051757814,-0.2059326171875,-0.0037250518798828127,0.0064697265625,0.11683273315429688,0.2205810546875,0.105194091796875,-0.0963134765625],"epoch":1557414355}