{"info":"Vokaturi","data":[0.00475902808830142,1.1782832487483575e-8,0.9952396154403687,0.0000010404392014606856,3.0866007705299128e-7,0.9569050073623657,2.7790797219040543e-8,0.04305003583431244,0.000030985796911409125,0.000013918926015321631,0.9661864042282105,6.413219261203196e-11,0.03380352258682251,0.00000763191837904742,0.000002424829517622129],"epoch":1557248649}
