{"info":"Vokaturi","data":[0.1774863451719284,0.02017221972346306,0.718866229057312,0.08347101509571076,0.00000421391632698942,0.7969297766685486,0.0015691521111875773,0.17574714124202729,0.025752875953912736,0.0000010752618209153298],"epoch":1556565593}