{"info":"Vokaturi","data":[0.015974367037415506,0.5423011779785156,0.0037750396877527239,0.4377046227455139,0.0002447536389809102,0.02828912064433098,0.5783550143241882,0.0012151639675721527,0.39186885952949526,0.0002718676987569779],"epoch":1556565625}