{"info":"Gazes","data":[0.0,0.0,0.0,28.0,16.0,0.0,0.0,0.0,34.0,0.0,0.0,4.0,0.0,0.0,0.0,0.0,0.0,0.0,0.0,15.686274528503418,0.0,0.0,12.0,0.0,8.0,0.0,0.0,0.0,16.0,4.0,0.0,1.8518518209457398,0.0,0.0,0.0,0.0,60.0,0.0,0.0,0.0,0.0,0.0],"epoch":1557248649}
