{"info":"Gazes","data":[0.0,1.9607843160629273,0.0,0.0,44.0,0.0,0.0,51.85185241699219,0.0,0.0,0.0,0.0,0.0,38.0,0.0,0.0,0.0,0.0,0.0,29.41176414489746,0.0,0.0,11.11111068725586,0.0,0.0,22.0,0.0,0.0,10.0,0.0],"epoch":1557250497}