{"info":"Vokaturi","data":[0.05350969731807709,0.0000031633226171834396,0.9353774189949036,0.00007304370956262574,0.011036657728254795,0.9781960248947144,0.000034725126170087606,0.012096816673874855,0.009592859074473381,0.00007956515037221834,0.9774593114852905,0.00003027776983799413,0.014702933840453625,0.007707591634243727,0.00009989379032049328,0.6865504384040833,0.03629084303975105,0.04276486858725548,0.2257392555475235,0.008654598146677018,0.5675705671310425,0.005850847810506821,0.4155808687210083,0.006949541158974171,0.004048152361065149,0.47996506094932558,0.002025128109380603,0.2852775752544403,0.2320011407136917,0.0007310896180570126,0.15609543025493623,0.07555251568555832,0.010289023630321026,0.7499990463256836,0.008063982240855694,0.9215529561042786,0.000015666866602259688,0.04969051480293274,0.028609083965420724,0.00013176245556678623,0.9878479242324829,1.9698978448445815e-8,0.012074078433215618,0.00004081926817889325,0.00003718545485753566,0.7249566316604614,0.0000013396329450188205,0.2671143412590027,0.007904581725597382,0.00002311306889168918,0.9751707911491394,0.000018782517145154998,0.020235566422343255,0.0025963028892874719,0.001978543121367693,0.9526193141937256,5.139535232956405e-7,0.047022175043821338,0.00020318081078585237,0.00015479870489798486],"epoch":1557250236}