{"info":"Gazes","data":[0.0,18.867923736572267,0.0,0.0,17.647058486938478,0.0,0.0,96.0,0.0,0.0,100.0,0.0,0.0,76.47058868408203,0.0,0.0,18.518518447875978,0.0,0.0,60.0,0.0,0.0,0.0,0.0,0.0,34.0,0.0,0.0,26.0,0.0,0.0,14.545454978942871,0.0,0.0,0.0,0.0,0.0,43.13725662231445,0.0,0.0,18.0,0.0,0.0,4.0,0.0],"epoch":1557249488}