{"info":"Vokaturi","data":[0.19068081676959992,5.699716465809709e-16,0.8041068911552429,5.140589343088919e-12,0.005212274380028248,0.11828086525201798,4.005310572097187e-8,0.8816892504692078,0.00002158171628252603,0.000008240547686000355,0.9929161071777344,6.025166476852917e-10,0.007065840996801853,0.00001778222940629348,2.9020390002187926e-7],"epoch":1557238289}