{"info":"Vokaturi","data":[0.7752478718757629,0.000011333497241139412,0.09258970618247986,0.13215109705924989,9.725827254669639e-9,0.7487086057662964,0.0029961089603602888,0.17197322845458985,0.07627180963754654,0.00005024453639634885,0.9351344704627991,0.000026192947188974358,0.0571797713637352,0.007659462280571461,9.972748671316367e-8],"epoch":1556565759}