{"info":"Vokaturi","data":[0.00007451316923834383,0.030977526679635049,0.00007982651732163504,0.9688681364059448,9.213131646479411e-11,0.00013983011012896895,0.6537760496139526,0.0008883363334462047,0.34513646364212038,0.00005928804603172466,0.0021095077972859146,0.12615638971328736,0.00027657506871037185,0.8714556694030762,0.0000018458076738170349],"epoch":1556565727}