{"info":"RightHand","data":[-0.016656875610351564,-0.000244140625,0.06520843505859375,-0.084228515625,0.008428573608398438,0.000244140625,-0.00048065185546875,-0.0032958984375,-0.008741378784179688,-0.0008544921875,0.0028095245361328127,-0.0009765625,0.0032939910888671877,-0.00048828125,0.001857757568359375,-0.00439453125,0.002201080322265625,0.003173828125,0.002323150634765625,0.009033203125,-0.0024089813232421877,0.005126953125,-0.003467559814453125,0.0130615234375,-0.0014209747314453126,-0.0078125,0.000194549560546875,-0.0015869140625],"epoch":1557248649}
