{"info":"RightHand","data":[0.013050079345703125,-0.0159912109375,0.04155158996582031,0.04284858703613281,0.13885498046875,0.0621337890625,-0.262542724609375,0.2880859375,0.07316780090332031,-0.330810546875,0.19394683837890626,0.0042724609375,0.03310203552246094,0.0087890625,-0.2020854949951172,0.004638671875,-0.196197509765625,0.1292724609375,0.027727127075195314,0.0164794921875,0.2503528594970703,-0.1068115234375,-0.08090019226074219,0.103271484375,-0.0070247650146484379,-0.131103515625,-0.13190078735351563,0.015380859375,-0.00315093994140625,0.072998046875],"epoch":1557249488}