{"info":"Vokaturi","data":[0.04825494810938835,0.5281215310096741,0.001828003441914916,0.11318865418434143,0.308606892824173,0.10182804614305496,0.032005827873945239,0.05221903696656227,0.8121490478515625,0.001798026030883193],"epoch":1557250497}