{"info":"Vokaturi","data":[0.4987421929836273,0.004241818096488714,0.21637345850467683,0.2806386351585388,0.000003874994490615791,0.9335633516311646,0.0032079427037388088,0.04644731432199478,0.01592796854674816,0.0008534318767488003,0.9630118012428284,0.0000015894962643869804,0.03606509417295456,0.0008648426155559719,0.000056644676078576595,0.0786975771188736,0.1782049685716629,0.368124783039093,0.3694535791873932,0.00551909813657403,0.526263415813446,0.006548300851136446,0.375597208738327,0.08851361274719238,0.0030774755869060756],"epoch":1557417374}