{"info":"RightHand","data":[0.07297515869140625,-0.0230712890625,0.015666961669921876,0.04232978820800781,0.009765625,0.007122039794921875,0.011440277099609375,-0.013427734375,-0.0014190673828125,-0.011602401733398438,-0.0069580078125,-0.017503738403320314,-0.07486343383789063,0.002197265625,-0.03515625,0.1110382080078125,0.091552734375,0.11486434936523438,0.04390907287597656,-0.0675048828125,0.024297714233398439,-0.09593009948730469,-0.09826850891113281,-0.04616737365722656,-0.033535003662109378,0.1762714385986328,-0.028860092163085939,-0.0013370513916015626,0.0977783203125,0.030809402465820314,0.0064334869384765629,-0.1854248046875,0.04671478271484375,-0.002208709716796875,0.1097412109375,-0.013494491577148438,-0.012645721435546875,-0.0322265625,-0.019918441772460939,-0.021772384643554689,0.0,0.0074481964111328129,0.12352561950683594,-0.0721435546875,0.03733634948730469,0.066497802734375,-0.064208984375,0.03294563293457031,-0.021343231201171876,0.1011962890625,0.005359649658203125,-0.009271621704101563,-0.099365234375,0.009050369262695313,-0.03968048095703125,0.088623046875,-0.021604537963867189,-0.09138870239257813,0.097412109375,-0.08024406433105469,-0.061298370361328128,-0.0831298828125,-0.012941360473632813,-0.026422500610351564,0.0018310546875,-0.005977630615234375,0.013021469116210938,-0.087646484375,0.007083892822265625,0.04144859313964844,-0.0125732421875,-0.00689697265625,-0.0614776611328125,0.0419921875,0.011241912841796875],"epoch":1557417373}