{"info":"Vokaturi","data":[0.9814309477806091,5.1859956329280979e-8,0.016616737470030786,0.000021407167878351174,0.0019308396149426699,0.9911598563194275,1.7965627208127445e-8,0.008821326307952404,0.000012017075277981348,0.000006790124643885065,0.8848623037338257,9.808132261923675e-8,0.11481545120477677,0.0003219614445697516,2.0397592948029342e-7,0.9954386353492737,1.711600283726966e-8,0.004539838060736656,0.00001849851651058998,0.000003039318926312262,0.9724786877632141,6.3607856759517748e-9,0.02749616652727127,0.000010543935786699876,0.000014576155081158504,0.6709945797920227,3.6928850022377448e-7,0.2682291269302368,0.060775917023420337,3.5201175307975066e-11,0.9992685317993164,1.1959980561471184e-8,0.0005455031059682369,0.00018585918587632477,7.468556617595823e-8,0.9877115488052368,2.693353526317388e-11,0.01228753849864006,6.891511930007255e-7,2.5206233544849967e-7,0.9987072348594666,3.953734672990095e-9,0.001278731389902532,0.0000136904245664482,3.3152613809761535e-7,0.9963245391845703,4.499551772840782e-11,0.003673779545351863,0.0000014349949424286024,2.355896953076808e-7,0.9593589305877686,1.0532108518646055e-7,0.040385652333498,0.0002550192002672702,2.7923820766773135e-7,-1.0,-1.0,-1.0,-1.0,-1.0],"epoch":1557417716}